title,url,img
í•œë¼ì‚°ê³¼ ì„œê·€í¬ ì‹œë‚´ë¥¼ í•¨ê»˜ ì¡°ë§í•  ìˆ˜ ìˆëŠ” ì†”ì˜¤ë¦„,https://blog.naver.com/seogwipo-si/223024224207,https://search.pstatic.net/common?src=http%3A%2F%2Fblogfiles.naver.net%2FMjAyMzAyMjFfMTQ3%2FMDAxNjc2OTU1MTEzNzI4.auvMzW7Sp3n_eMTXwuAjqvbBno6pm7ukuXOP69yvueIg.PE0V3kw-tM6ZGBDGLE9K8_WTYxKRw8iWiR7uY824EJIg.JPEG.2023sgp%2F20230201_120313.jpg%2F4000x3000&type=f318_194_domesearch
"ì œì£¼ ë„ì‹¬ ì† ì˜¤ë¦„, ê´‘ì´ì˜¤ë¦„",https://blog.naver.com/happyjejudo/223023888358,https://search.pstatic.net/common?src=http%3A%2F%2Fblogfiles.naver.net%2FMjAyMzAyMjJfMzcg%2FMDAxNjc3MDI1OTcxMzQ0.4XQHx3_bzXra0kzJpJwTT3jdRDRXzkIlKCuxqEZkPL4g.cwvMs3zqm2siNYM-asJtT0xEULnVJMdxB7gNVdp_Phsg.PNG.happyjejudo%2F96317E36-A463-4627-A07C-9D5446F5D8F9.png%2F900x675&type=f318_194_domesearch
ì œì£¼ ì‚°ì–‘í°ì—‰ê³¶ ì œì£¼ë„ ì„œìª½ ê°€ë³¼ë§Œí•œê³³ ì‚¬ì§„ëª…ì†Œ ê³¶ìì™ˆ,https://blog.naver.com/happyjejudo/223022884305,https://search.pstatic.net/common?src=http%3A%2F%2Fblogfiles.naver.net%2FMjAyMzAyMjFfMjc4%2FMDAxNjc2OTU0MTA3ODY1.xMiYSlTKvA0_Zq39FzgV7Mu58U8hLyRTyp1R-yf4wwkg.6_EKBwJ-DJ9jeImBoMAj1TtdYr8AEV7Utyhu02uRYL0g.PNG.happyjejudo%2FKakaoTalk_20230216_194741015_04.png%2F900x675&type=f318_194_domesearch
ì§„ì •í•œ ì œì£¼ì˜ ê²¨ìš¸ì„ ë§Œë‚  ìˆ˜ ìˆëŠ” ë…¸ë£¨ì†ì´ ì˜¤ë¦„,https://blog.naver.com/wowjejusi/223022010296,https://search.pstatic.net/common?src=http%3A%2F%2Fblogfiles.naver.net%2FMjAyMzAyMjBfMjk0%2FMDAxNjc2ODg3MjY0NzU1.qWfOCuXWSXL8H3V8JI2FiUlQsnHfDC1NQk4Q9kbwopog.eVmmzuB6ISm-NEqzSPq78Ijqe6HszvTxdyOfkv6_Ro8g.JPEG.wowjejusi%2F%EA%B3%A0%EC%83%81%ED%9D%AC%EC%82%AC%EC%A7%84_A.jpg%2F1512x1512&type=f318_194_domesearch
ì œì£¼ë„ ì§€ì§ˆëª…ì†Œ ì‚°ë°©ì‚°ê³¼ ìš©ë¨¸ë¦¬í•´ì•ˆ,https://blog.naver.com/happyjejudo/223017724898,https://search.pstatic.net/common?src=http%3A%2F%2Fblogfiles.naver.net%2FMjAyMzAyMTZfMjY2%2FMDAxNjc2NTE0ODcyMzQ4.KKu7gAgqey6Bj9NQn2iU-aSc5ygVJAUZ3e5IZN094UAg.pECYVYJrM1MCIAjRct8Pks_xL1Tpw_7gbkJae_PwPMQg.PNG.happyjejudo%2FKakaoTalk_20230213_112319440_28.png%2F900x506&type=f318_194_domesearch
"ì œì£¼ë„ ìœ ì¼,  ë°”ë‹·ê¸¸ ì—´ë¦¬ëŠ” 'ì„œê±´ë„'",https://blog.naver.com/seogwipo-si/223016487676,https://search.pstatic.net/common?src=http%3A%2F%2Fblogfiles.naver.net%2FMjAyMzAxMjZfMTUz%2FMDAxNjc0NjU5NzU4NzAz.OWljs57-_AgzCFW2sLD-cioNh6o2K1rdDUg0TG0n31Ug.UU7iYcUKHsE3jF87zMYWHZaCDPNooMSd7TqtWpNYtCgg.JPEG.2023sgp%2FKakaoTalk_20230124_211445200.jpg%2F900x675&type=f318_194_domesearch
"ì œì£¼ì—¬í–‰ í›„ê¸° 54í¸ - ì œì£¼ë„ ì‚°ë°©ì‚° íƒ„ì‚° ì•¼ì™¸ ì˜¨ì²œ : ìˆ˜ì˜ë³µ, ìš”ê¸ˆ, ë¦¬ì–¼í›„ê¸°",https://in.naver.com/houself/contents/internal/532962824989952,https://search.pstatic.net/common?src=https%3A%2F%2Fmblogthumb-phinf.pstatic.net%2FMjAyMzAyMTRfMTA0%2FMDAxNjc2Mzc0NDAwMTQz.wWnYK9BzoQDFl0rB8phALoaqnjO-y3na_xkbG2Fu9SUg.l5W_FYTT1w8hBFcWAjkq1gtKPdKku8eh8lBh3Vi0qMYg.JPEG.houself%2F004.jpg%3Ftype%3Dw800&type=f318_194_domesearch
ì œì£¼ í­í¬ì¶”ì²œ [ì²œì œì—° í­í¬] ì„œê·€í¬ ê°€ë³¼ë§Œí•œê³³,https://blog.naver.com/jtowelcome/222941347461,https://search.pstatic.net/common?src=http%3A%2F%2Fblogfiles.naver.net%2FMjAyMjExMjlfODQg%2FMDAxNjY5NzAxMzM4MjU4.yNjYxlO_Pp1gd4052BzFXGZasVse1b2AI4CeLyKHWl8g.MaZpt478S45upk34cw0YbN0fXVZafi9k9PI9lN_QVwsg.JPEG.jtowelcome%2F9.JPG%2F800x534&type=f318_194_domesearch
ì œì£¼ê³µí•­ ê·¼ì²˜ ê´€ê´‘ì§€ ìš©ë‘ì•”ê³¼ ìš©ì—°ê³„ê³¡ êµ¬ë¦„ë‹¤ë¦¬,https://blog.naver.com/happyjejudo/223015315558,https://search.pstatic.net/common?src=http%3A%2F%2Fblogfiles.naver.net%2FMjAyMzAyMTRfMTQx%2FMDAxNjc2MzM5NTYwNjQ1.y_tXKpDoRkScc-mNl6J1ctcdu5iykHTsbZu_XmMr7D0g.UmGLoaRhZ3KDlxG9obvDT9LKKK36cK2JyZ2db1mmdlMg.PNG.happyjejudo%2FIMG_6137.png%2F600x900&type=f318_194_domesearch
ì‚¼ì„±í˜ˆ â€“ ì œì£¼ì‹œë‚´ì˜ ì•ˆ ì•Œë ¤ì§„ ìˆ²,https://blog.naver.com/wowjejusi/223015034184,https://search.pstatic.net/common?src=http%3A%2F%2Fblogfiles.naver.net%2F%2FMjAyMzAyMTRfODkg%2FMDAxNjc2MzM1NjQ2OTI3.WyDk6Hb4HN4qdhJ4_ZGbHxs62pyfoiZpXo6kt101Dp8g.aHB7nHE728K9Jrb9PSPf1t6BANoiQbqUROBZqdUT8gMg.JPEG.wowjejusi%2FKakaoTalk_20230213_123245812_09.jpg%2F4032x3024&type=f318_194_domesearch
ì œì£¼ì˜ ì‹œì‘ê³¼ í˜„ì¬ê°€ ê³µì¡´í•˜ëŠ” ê³³ <ì‚¬ê·¼ë‹¤ë¦¬ì˜¤ë¦„>,https://post.naver.com/viewer/postView.nhn?memberNo=23264882&volumeNo=35445975,https://search.pstatic.net/common?src=http%3A%2F%2Fpost.phinf.naver.net%2FMjAyMzAyMTNfMjI5%2FMDAxNjc2MjcwMTE4OTQy.CmB36yEtznj9MfeYxNFrp7J9BmYVNSEBVX9cPiP46NIg.3vfXrnf9max7FPavnIlE3e8l_BAJndYsNGYwUGxXsE8g.PNG%2FIlSfdVPL8FwwJCwM8Is2ykMK4Bpg&type=f318_194_domesearch
ì œì£¼ ê³¨í”„ì—¬í–‰ ì‹¤ì „í¸ [ì œì£¼ì—ì½”ëœë“œGC ìºìŠ¬ë™ìŠ¤CC ì œì£¼ê³¨í”„ë Œíƒˆ],https://blog.naver.com/jtowelcome/222974839709,https://search.pstatic.net/common?src=http%3A%2F%2Fblogfiles.naver.net%2FMjAyMzAxMDRfMTIg%2FMDAxNjcyODE5MTU4NzY3.DWkkYwcClg-UPSdaR9uQb7bld7fniq4eSmhepvIxpt4g.Ctcan5cLlWlevSmYeTDDTWMImlpRvCVec4sUmV_06_sg.JPEG.jtowelcome%2FHAN00027.JPG%2F5902x3935&type=f318_194_domesearch
ë³´ë¬¼ê³¼ ê°™ì€ ì œì£¼ì˜ ìˆ² <ì„œê´‘ë™ë¦¬ê³¶ìì™ˆ>,https://blog.naver.com/happyjejudo/223011625292,https://search.pstatic.net/common?src=http%3A%2F%2Fblogfiles.naver.net%2FMjAyMzAyMTBfMTAx%2FMDAxNjc2MDE0NzQ4NDk4.ChXO3ogU6tsvpHOqkPGckE1IW4k274qBpjFQtX7p7E8g.kARoySemml5rokhXXjdvgwb_UXOtFLv2JJpCsSX_Axsg.JPEG.happyjejudo%2FIMG_9064.JPG%2F5472x3648&type=f318_194_domesearch
ì œì£¼ êµë˜ìì—°íœ´ì–‘ë¦¼ ê³¶ìì™ˆìˆ² ìˆ™ë°•ë™ì€ ê³µì‚¬ë¡œ ì„ì‹œíœ´ì¥í•œë‹¤ê³  í•©ë‹ˆë‹¤,https://tv.naver.com/v/33030589,https://search.pstatic.net/common?src=https%3A%2F%2Fphinf.pstatic.net%2Ftvcast%2F20230210_85%2FTpyH3_1675996102670JjHVl_JPEG%2F1675996100811.jpg&type=f318_194_domesearch
ì²œí˜œì˜ ì œì£¼ë¥¼ ëˆˆì— ë‹´ì„ ìˆ˜ ìˆëŠ” ì–´ìŠ¹ìƒì•…,https://blog.naver.com/wowjejusi/223011647334,https://search.pstatic.net/common?src=https%3A%2F%2Fvertical.pstatic.net%2Fvertical%2Fstatic%2Ftravelhome%2FarticleThumbnail%2Frc-upload-1676281796797-6.png&type=f318_194_domesearch
ì œì£¼ ì˜¤ë¦„ê³¼ ë™êµ´ì§„ì§€,https://blog.naver.com/wowjejusi/223010299471,https://search.pstatic.net/common?src=http%3A%2F%2Fblogfiles.naver.net%2F%2FMjAyMzAyMDlfNTQg%2FMDAxNjc1OTIwOTc0Mzgx.JzrqPvCN4p9mi9R7Z4EVKgG9Xpzzh-paNover9RZ_Asg.4vobiX8IoNm6XPwDs83pLjSfu-u297Xx6ox5kCapquYg.JPEG.wowjejusi%2F12.jpg%2F1440x962&type=f318_194_domesearch
ì œì£¼ì—¬í–‰ í›„ê¸° 53í¸ - ì œì£¼ë„ ê°€ì¡± ì—¬í–‰ì½”ìŠ¤ : ì œì£¼ ê°ê·¤ì²´í—˜ ë†ì¥ í›„ê¸°,https://in.naver.com/houself/contents/internal/531048265284832,https://search.pstatic.net/common?src=https%3A%2F%2Fmblogthumb-phinf.pstatic.net%2FMjAyMzAyMDlfMTIw%2FMDAxNjc1OTMyNjUwNTk4.wK_iT7hbyp-fdGIGs-mT6At3NCCwMULVXWTVKRrL5hgg.APAo5VttEcWsm96KraNQZmrKupqnAGKUOzB5_6RBPqwg.JPEG.houself%2FA053.jpg%3Ftype%3Dw800&type=f318_194_domesearch
ìš©ë¨¸ë¦¬ í•˜ë©œ ìƒì„  ì „ì‹œê´€ ì² ê±° 20ë…„ ë§Œì— ì¶”ì–µ ì†ìœ¼ë¡œ,https://blog.naver.com/seogwipo-si/223008796184,https://search.pstatic.net/common?src=http%3A%2F%2Fblogfiles.naver.net%2FMjAyMzAyMDJfOTgg%2FMDAxNjc1MzM5NTc0ODEx.761drh6N34XAomZYgQ4aldBsKVv4PyJ3rO2g6Jshl0Qg.xHr3UMSpZ8LKosyeNmyAbdpA6nzZJ_SnIQRLP_w8jw0g.JPEG.2023sgp%2F%EA%B8%B0%EC%9E%90%EB%8B%A82%EC%9B%94_04.jpg%2F3000x2000&type=f318_194_domesearch
ì œì£¼ 2ì›” ì—¬í–‰ ìˆ˜ì„ í™” ë³¼ ìˆ˜ ìˆëŠ”ê³³ ìˆ˜ìˆ˜í•œ ë§¤ë ¥ ì‹¬ì¿µ,https://tv.naver.com/v/32907754,https://search.pstatic.net/common?src=https%3A%2F%2Fphinf.pstatic.net%2Ftvcast%2F20230206_203%2FIv2AM_167564213780427gJj_JPEG%2F1675642071756.jpg&type=f318_194_domesearch
ë°”ë‹¤ë¡œ ë–¨ì–´ì§€ëŠ” ì •ë°©í­í¬,https://blog.naver.com/seogwipo-si/223006536518,https://search.pstatic.net/common?src=https%3A%2F%2Fvertical.pstatic.net%2Fvertical%2Fstatic%2Ftravelhome%2FarticleThumbnail%2Frc-upload-1675755997759-11.png&type=f318_194_domesearch
ì œì£¼ ê³¨í”„íˆ¬ì–´ ì´ˆì‹¬ìí¸ [ë§ˆë¡œë‹ˆì—ë¯¸ë‹ˆê³¨í”„ í–‰ë³µê³¨í”„í›ˆë ¨ì†Œ],https://blog.naver.com/jtowelcome/222974777206,https://search.pstatic.net/common?src=http%3A%2F%2Fblogfiles.naver.net%2FMjAyMzAxMDRfNDAg%2FMDAxNjcyODE1MzI0NDcx.78Xn4qs32BWSsv9Sal16mksuLpkmKTy3EasiCH6AQX8g.pcSa18FujJVRvYMHPYizChjUtCneLdVh0JLqJ9gIMy8g.JPEG.jtowelcome%2F04._%EF%BF%BD%EB%BB%BE%E8%B9%82%EB%93%A6%EB%82%8F%EF%BF%BD%EB%B4%BD%EF%BF%BD%EC%8D%95%EF%BF%BD%EC%A0%B4%EF%BF%BD%EB%83%BC_2.JPG%2F5902x3935&type=f318_194_domesearch
ì œì£¼ ì—¬í–‰) ì œì£¼ì˜ ì‚¬ê³„ì ˆì„ ë‹´ì€ ê°ì„±ì •ì› íŒŒë”ìŠ¤ê°€ë“ ,https://in.naver.com/dssa1020/contents/internal/528738338642016,https://search.pstatic.net/common?src=https%3A%2F%2Fmblogthumb-phinf.pstatic.net%2FMjAyMzAyMDJfNTIg%2FMDAxNjc1MzQwNzQ1MzE0.U1bVfIKboncdESv8nXQlTeUk889VkZ53tJN-pIOAg3og.yhBn-hjx5OjxQc2P0w3D9UFdcQAq9oqIWCRumBNPWWAg.JPEG.dssa1020%2FSE-ec9830fb-09e7-44a5-b00a-ab91494ee37a.jpeg%3Ftype%3Dw800&type=f318_194_domesearch
"ì œì£¼ ì˜¬ë ˆê¸¸ì˜ ì‹œì‘, ë§ë¯¸ì˜¤ë¦„ê³¼ ì•Œì˜¤ë¦„",https://blog.naver.com/seogwipo-si/223003816341,https://search.pstatic.net/common?src=http%3A%2F%2Fblogfiles.naver.net%2FMjAyMzAxMzBfNTkg%2FMDAxNjc1MDEyNTU4MTM4.rwgVF0Wcr1xC3RUYdOnA6yS3IukL0CbJ38Jvrx4wMt8g._1ReI1_SlCJCIlZFX8YjUhkMbzJ9JabVNEOy-7YDeKIg.JPEG.2023sgp%2F1674886911145.jpg%2F2016x1512&type=f318_194_domesearch
ì œì£¼ ì‹ë¬¼ì› [ì—¬ë¯¸ì§€ ì‹ë¬¼ì›] ì œì£¼ ì¤‘ë¬¸ ê°€ë³¼ë§Œí•œê³³,https://blog.naver.com/jtowelcome/222940492457,https://search.pstatic.net/common?src=http%3A%2F%2Fblogfiles.naver.net%2FMjAyMjExMjhfOTcg%2FMDAxNjY5NjIyMDQxNDg5.w7kB8g22RFYaPRoiomm0pXPh7n8KljlhJfvmkzLN3YAg.K1duz2lqGaeMUPj5ikxIeZIonBKJLMNwEmHwn9o-RKsg.JPEG.jtowelcome%2F3.JPG%2F800x534&type=f318_194_domesearch
ì œì£¼ ê´€ê´‘ì§€ ë©”ì´ì¦ˆëœë“œ ì…ì¥ë£Œ ë° ìš´ì˜ì‹œê°„ ë“± ì•Œë ¤ë“œë ¤ìš”,https://tv.naver.com/v/32781806,https://search.pstatic.net/common?src=https%3A%2F%2Fphinf.pstatic.net%2Ftvcast%2F20230201_256%2FWM1D0_1675218562144lDzTP_JPEG%2F1675218444520.jpg&type=f318_194_domesearch
ê²¨ìš¸ ì œì£¼ ì—¬í–‰ ê°ˆë§Œí•œê³³ ì œì£¼ë„ ë™ìª½ ì½”ìŠ¤ ì¶”ì²œ ë³¼ê±°ë¦¬ ëª…ì†Œ ì•„ì¿ ì•„í”Œë¼ë„· ìœ ë¯¸ì˜ì„¸í¬ë“¤,https://tv.naver.com/v/32777437,https://search.pstatic.net/common?src=https%3A%2F%2Fphinf.pstatic.net%2Ftvcast%2F20230201_135%2FGQzJc_1675201219080q3SKW_JPEG%2F96a2fbf4-a1a6-11ed-ba4a-a0369ff83d3c_02.jpg&type=f318_194_domesearch
ì œì£¼ì‹œë‚´ë¥¼ ë°”ë¼ë³´ëŠ” ì œì£¼ ë„ë‘ë´‰,https://blog.naver.com/happyjejudo/223000173595,https://search.pstatic.net/common?src=http%3A%2F%2Fblogfiles.naver.net%2F%2FMjAyMzAxMzFfMjg4%2FMDAxNjc1MTI2MjQwMTIz.DKJUMUXh11iKNooDuHuPmQP5JDiWy1ZC-Q4Xzz543Gwg.23LaSJVb61bbPjbNXsLxoaLlv8y9z3NLl4n2KGxDeakg.PNG.happyjejudo%2F%EB%8F%84%EB%91%90%EB%B4%89-62.png%2F900x600&type=f318_194_domesearch
ì œì£¼ìœ ì±„ê½ƒëª…ì†Œ ì‚¬ì§„ì´ ì˜ˆì˜ê²Œ ë‚˜ì˜¤ëŠ” ê³³ ìœ„ì£¼ë¡œ ì•Œë ¤ë“œë ¤ìš”,https://tv.naver.com/v/32730414,https://search.pstatic.net/common?src=https%3A%2F%2Fphinf.pstatic.net%2Ftvcast%2F20230130_2%2FVLg7B_1675059340774gk96t_JPEG%2F1675059318437.jpg&type=f318_194_domesearch
ì œì£¼ ì†¡ì•…ì‚° ë“œë¡ ì´¬ì˜ ê³µê°œ,https://tv.naver.com/v/32722399,https://search.pstatic.net/common?src=https%3A%2F%2Fphinf.pstatic.net%2Ftvcast%2F20230130_114%2FWjW37_1675041260253BlKnn_JPEG%2Fcc9557a7-a03a-11ed-b22a-48df37ae3dc4_03.jpg&type=f318_194_domesearch
"ì•„ë¦„ë‹¤ìš´ í’ê²½ê³¼ ì¦ê¸¸ ê±°ë¦¬ê°€ ê°€ë“í•œ ì‡ ì†Œê¹, í•˜íš¨ì‡ ì†Œê¹í•´ìˆ˜ìš•ì¥",https://blog.naver.com/seogwipo-si/222998736150,https://search.pstatic.net/common?src=http%3A%2F%2Fblogfiles.naver.net%2F%2FMjAyMzAxMjVfNzIg%2FMDAxNjc0NjE4NzY3OTg1.rOBsefdLoMnnFUEMmdp17Z_QkHLshCtewRMsjbDuw98g.MYLVE1DFjNLmwG0E4eGfZUOgVnqBdHRxt-G16Cx6HMIg.JPEG.2023sgp%2FIMG_6581.JPG%2F3000x2250&type=f318_194_domesearch
ì œì£¼ ì—¬í–‰ í˜‘ì¬í•´ìˆ˜ìš•ì¥ ì¼ëª° ëª…ì†Œ ì œì£¼ë„ í˜‘ì¬ í•´ë³€,https://in.naver.com/anndam/contents/internal/526807193933280,https://search.pstatic.net/common?src=https%3A%2F%2Fmblogthumb-phinf.pstatic.net%2FMjAyMzAxMjRfNzQg%2FMDAxNjc0NTQxNzkwMzE4.kQTREMsImnb7AJgBbnn9QcySTL0wu8wglSfVu00qjcIg.ETaX9sAtQAqihaumLsKatgRR1iILqEiyEbRNi9wNZIkg.JPEG.anndam%2FIMG_6522.jpg%3Ftype%3Dw800&type=f318_194_domesearch
ì œì£¼ì—¬í–‰ í›„ê¸° 51í¸ - ë¹„ì˜¤ëŠ” ë‚  ì œì£¼ë„ ì•„ì´ì™€ ì‹¤ë‚´ê´€ê´‘ì§€ ê°€ë³¼ë§Œí•œ ê³³ : ëŸ°ë‹ë§¨ ì œì£¼ì ,https://in.naver.com/houself/contents/internal/526098964202816,https://search.pstatic.net/common?src=https%3A%2F%2Fmblogthumb-phinf.pstatic.net%2FMjAyMzAxMjZfMjYg%2FMDAxNjc0NzM1NTc1ODU4.fKPj3UWABNpuh33VHaNCm9e7bakmKrJ4vbCDBAn68Nwg.wBV0FnEZaEIAunul72PSMiMOHh1G0rztc9RGDo08_AQg.JPEG.houself%2F003.jpg%3Ftype%3Dw800&type=f318_194_domesearch
ë„ì‹¬ ì† ì˜¤ë¦„ ì œì£¼ ì‚¬ë¼ë´‰ê³¼ ì œì£¼ ë³„ë„ë´‰,https://blog.naver.com/happyjejudo/222994997543,https://search.pstatic.net/common?src=http%3A%2F%2Fblogfiles.naver.net%2FMjAyMzAxMjZfNDYg%2FMDAxNjc0Njk4MTYwODE2.E9LCFRfyMBW35hkECEKi_kAknOjtB01qlM2T89qan-Eg.N6VTR-Fa9zwJ9apMBZR39A5b54-FBfaeJuAGCY_RVp4g.PNG.happyjejudo%2FSE-43dcf27f-d3b0-4da7-816a-bb06c389fda1.png%2F900x600&type=f318_194_domesearch
ì œì£¼ ì•„ê¸°ë‘ìˆ™ì†Œ ë›°ì–´ë†€ê¸° ì¢‹ê³  í¸í•˜ê²Œ ë¬µì„ ìˆ˜ ìˆëŠ” í‚¤ì¦ˆíœì…˜,https://tv.naver.com/v/32599065,https://search.pstatic.net/common?src=https%3A%2F%2Fphinf.pstatic.net%2Ftvcast%2F20230125_182%2FVk70S_1674605242637s4EcE_JPEG%2F1674605091555.jpg&type=f318_194_domesearch
ê²¨ìš¸ì— ë§Œë‚˜ëŠ” ì„­ì§€ì½”ì§€,https://blog.naver.com/happyjejudo/222993343713,https://search.pstatic.net/common?src=http%3A%2F%2Fblogfiles.naver.net%2F%2FMjAyMzAxMjVfMzkg%2FMDAxNjc0NjEwNDc4MzEz.mlffSob6v27UJbyGqCW_QiiANY546b-P7aqz36Dt2qwg.oUe3MnBw12RPduXJu3vvNV4lWECJ0sFodC_WpO8HoDUg.PNG.happyjejudo%2F20220130_155740.png%2F900x675&type=f318_194_domesearch
ì†Œì²œì§€ ì˜¬ë ˆê¸¸ 6ì½”ìŠ¤ì—ì„œ ë§Œë‚˜ëŠ” ë°±ë‘ì‚° ì²œì§€ ì¶•ì†ŒíŒ ë¹„ê²½,https://blog.naver.com/seogwipo-si/222993268334,https://search.pstatic.net/common?src=http%3A%2F%2Fblogfiles.naver.net%2FMjAyMzAxMjJfMTAz%2FMDAxNjc0Mzg4NTg3MDYz.8kC_Bd-95x5qjO5bdVv3petSqfp0FI6_z5012-Ovxdkg.6Cj1axh985SB3axCxINEGf-n74eJazQXESUyClhXlpUg.JPEG.2023sgp%2F1_2.jpg%2F5516x3678&type=f318_194_domesearch
ì œì£¼ì—¬í–‰ ì œì£¼ê³µí•­ ê·¼ì²˜ ê°€ë³¼ë§Œí•œê³³ ìš©ë‘ì•” ë³¼ê±°ë¦¬,https://in.naver.com/joyster/contents/internal/525292826080224,https://search.pstatic.net/common?src=https%3A%2F%2Fmblogthumb-phinf.pstatic.net%2FMjAyMzAxMTJfNDEg%2FMDAxNjczNTEwMTk2MzIx.TMdDEcT07EDgsw_kKL3MhSIZv93GMHa9FJR2ZYIUrnkg.jtiQMKTReNtIX5t3j8EkZJAM-NiOTRR9wxBZ8tgzy9gg.JPEG.lsy5088%2F20221111_165311.jpg%2F20221111_165311.jpg%3Ftype%3Dw800&type=f318_194_domesearch
ì œì£¼ë„ ì˜¤ë¦„ì¤‘ì— æ°£(ê¸°)ì„¸ê³  ì¢‹ì€ <ì™•ì´ë©”ì˜¤ë¦„>,https://blog.naver.com/seogwipo-si/222990345941,https://search.pstatic.net/common?src=http%3A%2F%2Fblogfiles.naver.net%2FMjAyMzAxMjFfMjU0%2FMDAxNjc0MjYyMDU1MzYx.KKkC2ET69iUI-aipK8I-wvKvu1FFPF6JcMbUkbqSpIsg.WROrNJqr2E_RD8YJU4vcO4m4cjk9JxdKEr66_W7tEbkg.JPEG.2023sgp%2F20230119%EF%BC%BF132641.jpg%2F900x675&type=f318_194_domesearch
í™”ì‚°ì²´ë¡œ ì´ë£¨ì–´ì§„ ì ˆë²½ ìˆ˜ì›”ë´‰ ì°¨ê·€ë„,https://blog.naver.com/happyjejudo/222987848196,https://search.pstatic.net/common?src=http%3A%2F%2Fblogfiles.naver.net%2F%2FMjAyMzAxMThfODEg%2FMDAxNjc0MDA3NDU1NjUx.GnWyMkaFSIpchEQcMsKB11hUlKIqZioN6-BYVZ8MTV8g.JdZhpriB4c5vJKPtWJQp5r6EGpozuNJwc1gF2JZ_chAg.PNG.happyjejudo%2F5.png%2F900x601&type=f318_194_domesearch
ìœ„ë¯¸ ë™ë°±êµ°ë½ì§€ì— ì œì£¼ë™ë°±ì´ ì–¼ë§ˆë‚˜ í”¼ì—ˆì„ê¹Œìš”,https://blog.naver.com/fly_jam/222982566247,https://search.pstatic.net/common?src=http%3A%2F%2Fblogfiles.naver.net%2F%2FMjAyMzAxMTJfMTY5%2FMDAxNjczNTEzNzE3NzM2.VPaFmX2QBK8BBG6C7JBN1qA_6dO3bwgXKQrT1eIVUaUg.VCXw9BJX6bOK5v8P9pqMCJhaqi3nd2H9JslCQOlfwIsg.JPEG.fly_jam%2FIMG_1568.JPG%2F900x675&type=f318_194_domesearch
"ìƒˆí•´ ì—¬í–‰, ê³µëª¨ì „ ìˆ˜ìƒì‘ ë”°ë¼ê°€ëŠ” ì‹ ë…„ ì—¬í–‰ :: ì‚¼ì²™ ë‚˜ë¦¿ê³¨ë§ˆì„, ë¶€ì•ˆ ë³€ì‚° í•´ìˆ˜ìš•ì¥, ì œì£¼ ì‡ ì†Œê¹, ì¥í¥ ì„ í•™ë™ ë§ˆì„, ê²¨ìš¸ì—¬í–‰, ì—¬ë¦„ì—¬í–‰, ê°€ì„ì—¬í–‰, ë´„ì—¬í–‰",https://blog.naver.com/korea_diary/222986987254,https://search.pstatic.net/common?src=http%3A%2F%2Fblogfiles.naver.net%2F%2FMjAyMzAxMTZfMTY5%2FMDAxNjczODMzMjE5NjAx.k4NmsONsVNmLapy5IfHTpJzsljs8B4mo7P1alGThk30g.a_IRlT85kGtaVVq1iyb0TtgRTGGCvjq4rGHOAzmkH-sg.JPEG.korea_diary%2F3820151202200058k_Byeonsan_Beach.jpg%2F1487x837&type=f318_194_domesearch
ì œì£¼ ìœˆë“œ1947 ì¹´íŠ¸ ë ˆì´ì‹± 4K,https://tv.naver.com/v/32391999,https://search.pstatic.net/common?src=https%3A%2F%2Fphinf.pstatic.net%2Ftvcast%2F20230115_276%2FvflWA_1673762183235d7ITJ_PNG%2F1673761915470.PNG&type=f318_194_domesearch
ìì—° ë³¸ì—°ì˜ ëª¨ìŠµ ê·¸ëŒ€ë¡œë¥¼ ê°„ì§í•œ <ë¬´ë¦‰ê³¶ìì™ˆ>,https://blog.naver.com/happyjejudo/222983404875,https://search.pstatic.net/common?src=http%3A%2F%2Fblogfiles.naver.net%2FMjAyMzAxMTNfNDYg%2FMDAxNjczNTg0NjAxNjQy.tQLH0MQHQTX2yGQ5WzCCG0A7sVaSCSCCmhX1w5jTvJEg.Rp_1I1qqkO08cbk8EDP1d6sGhqpI640f5VBFUDqEwIIg.JPEG.happyjejudo%2FIMG_1464.JPG%2F5472x3648&type=f318_194_domesearch
ì œì£¼ ì•„ì´ì²´í—˜ [ê±°ë¦°ì‚¬ìŠ´ì „ë§ëŒ€ 1100ê³ ì§€ ì„­ì§€ì½”ì§€] ì œì£¼ ë³„ë³´ê¸°,https://blog.naver.com/jtowelcome/222974610447,https://search.pstatic.net/common?src=http%3A%2F%2Fblogfiles.naver.net%2FMjAyMzAxMDRfNzcg%2FMDAxNjcyODA0MzAzNDE5.rTgRoyD0X0fUqDrttb7bNNKUdJS7stLdUZ0xZnBvt7Mg.HNyw0CkMSvccTjJtArJZd4hBOy4miWV0W-pcyyiRPEwg.JPEG.jtowelcome%2F03._1100%E6%80%A8%EC%A2%8E%EF%BF%BD2.JPG%2F6000x4000&type=f318_194_domesearch
ìš°ë„ë°”ë‹·ê°€íœì…˜ ì „ê°ì‹¤ ë°”ë‹¤ë·° ì¼ëª°ë„ ë³´ê³  ë³„ë„ ë³¼ ìˆ˜ ìˆì§€ìš”,https://tv.naver.com/v/32349755,https://search.pstatic.net/common?src=https%3A%2F%2Fphinf.pstatic.net%2Ftvcast%2F20230113_276%2FYnG3f_16735844697664OQor_JPEG%2F1673583861246.jpg&type=f318_194_domesearch
ì œì£¼ë„ ì„ ë…€ì™€ ë‚˜ë¬´ê¾¼ ì˜›ë‚ ë¡œ ë– ë‚˜ëŠ” ì œì£¼ ì—¬í–‰ì½”ìŠ¤,https://in.naver.com/ysr3789/contents/internal/521268829078784,https://search.pstatic.net/common?src=https%3A%2F%2Fmblogthumb-phinf.pstatic.net%2FMjAyMzAxMTBfMjMw%2FMDAxNjczMzA4MTg5OTU4.sPqEbPlxKFnsVx4ggdjtr28AX2F9xWqOvhAHtd4YrMQg.v7OhrP99OJSEaSm9eBgZM9FpepFP0DIKgit-NFDbHFwg.JPEG.ysr3789%2F1673306390080.jpg%3Ftype%3Dw800&type=f318_194_domesearch
ì½”ì½”ëª½ì—ì½”íŒŒí¬ ì œì£¼ ì•„ì´ë“¤ê³¼ í•¨ê»˜ ì¦ê²ê²Œ ë†€ë‹¤ì˜¬ ìˆ˜ ìˆëŠ” ê³³ì´ì˜ˆìš”,https://tv.naver.com/v/32301982,https://search.pstatic.net/common?src=https%3A%2F%2Fphinf.pstatic.net%2Ftvcast%2F20230111_51%2FYqw7r_1673429580871o77xU_JPEG%2F1673429543414.jpg&type=f318_194_domesearch
ì œì£¼ ì•ˆë„ë¥´ì¹´í˜ ì†¡ë‹¹ë¬´ëˆëª¨ë£¨ í¬í† ì¡´ìœ¼ë¡œ í•¨ê»˜ ìœ ëª…í•œ ê³³,https://tv.naver.com/v/32301854,https://search.pstatic.net/common?src=https%3A%2F%2Fphinf.pstatic.net%2Ftvcast%2F20230111_278%2FZxceg_1673429287819RiTsM_JPEG%2F1673429275625.jpg&type=f318_194_domesearch
[ì§€ê¸ˆí˜„ì¬ ì‹¤ì‹œê°„~] ì œì£¼ì—¬í–‰ ì½”ìŠ¤ ì œì£¼ë”ë§ˆíŒŒí¬,https://in.naver.com/ysr3789/contents/internal/520261521677152,https://search.pstatic.net/common?src=https%3A%2F%2Fphinf.pstatic.net%2Fimage.nmv%2Fblog_2023_01_10_645%2F410ea01b-9089-11ed-a54e-505dac8c38f5_02.jpg&type=f318_194_domesearch
ì—­ì‚¬ì™€ ìì—°ì´ í•¨ê»˜ì‚´ì•„ ìˆ¨ ì‰¬ëŠ”<ë„ê¹¨ë™ì‚°>,https://post.naver.com/viewer/postView.nhn?memberNo=23264882&volumeNo=35113804,https://search.pstatic.net/common?src=http%3A%2F%2Fpost.phinf.naver.net%2FMjAyMzAxMDlfMjk5%2FMDAxNjczMjM4MTExNTAz.Tj7kBZbywquWg7zTndq32dyGAGnXeK0phbMcQpWAILMg.BSoS_mGczLdkORmIls_FelqBz898WW_0vIx106lYRXQg.PNG%2FIZGPg4CWs9hFcEjJMLCRgSda5Jfw&type=f318_194_domesearch
ì œì£¼ ë°˜ë ¤ë™ë¬¼ ì—¬í–‰ [í•˜ì´ì œì£¼í˜¸í…” ë¸”ë¦¬ìŠ¤í’€ ë©ìš°ì£¼ ë…¸ë¦¬ë§¤],https://blog.naver.com/jtowelcome/222974857811,https://search.pstatic.net/common?src=http%3A%2F%2Fblogfiles.naver.net%2F%2FMjAyMzAxMDRfMTk2%2FMDAxNjcyODIwNzAzMTAx.mWYkUb3Ja8D1oyAc4CLQgtCjhcf2l6jbmV2RXVeek3Ag.q6WRZDL17UWbLz29bU9QxMJVpyy6Wx09yKgY7V_7GpUg.JPEG.jtowelcome%2F%ED%95%98%EC%9D%B4%EC%A0%9C%EC%A3%BC_012.jpg%2F3000x2000&type=f318_194_domesearch
ì œì£¼ë„ ì„œìª½ ë ë¹„ì–‘ë„ ë“œë¡ ì˜ìƒì…ë‹ˆë‹¤ í•œë¦¼í•­ í†µí•´ ì…ë„ ê°€ëŠ¥í•©ë‹ˆë‹¤,https://tv.naver.com/v/32000862,https://search.pstatic.net/common?src=https%3A%2F%2Fphinf.pstatic.net%2Ftvcast%2F20221230_46%2F3UWgS_1672374922992E2FpI_JPEG%2F1672374908029.jpg&type=f318_194_domesearch
ì œì£¼ë„ê°€ë³¼ë§Œí•œê³³ ì œì£¼ì—¬í–‰ 'ì„¬ì´ë¼ë‹ˆ ì¢‹ì–ì•„ìš”' ì œì£¼ì „í†µê°€ì˜¥ ë…ì±„íœì…˜ì—ì„œ í•˜ë£»ë°¤!,https://in.naver.com/pdu0601/contents/internal/515979368369248,https://search.pstatic.net/common?src=https%3A%2F%2Fmblogthumb-phinf.pstatic.net%2FMjAyMjEyMjNfNTkg%2FMDAxNjcxNzU2NDIzNzIy.NRYT8wDe_3h_PWZL0WsTkePAmIyZ4LwYJUcyxNpadY0g.08kQWorAuqx1MhOXINbSjzpJfm_IMu8ndUtQsVyq_5gg.JPEG.pdu0601%2FIMG_7092.jpg%3Ftype%3Dw800&type=f318_194_domesearch
ê²¨ìš¸ ì œì£¼ ì—¬í–‰ ìˆ¨ì€ëª…ì†Œ ëˆˆì˜¤ëŠ”ë‚  ì œì£¼ë„ ìƒ¤ì´ë‹ˆìˆ²ê¸¸,https://in.naver.com/jejudo/contents/internal/515478173780704,https://search.pstatic.net/common?src=https%3A%2F%2Fmblogthumb-phinf.pstatic.net%2FMjAyMjEyMjdfMjQz%2FMDAxNjcyMTM1NzMxMTEy.bHPwm00IzbI2r28EKuQXm59lhySBHr6yx7_wcQFi850g.k7CoZGBHcMz6xROaN1ieom5LksZqQPqwk-q2EV4vxpog.JPEG.sseotaiji%2Fresize_DSC01924.JPG%3Ftype%3Dw800&type=f318_194_domesearch
í–‰ìš´ì„ ê¸°ì›í•˜ëŠ” ë§ˆìŒì´ ë‹´ê¸´ ì—°ëª» <ì¡°ë°°ë¨¸ë“¤ì½”ì§€>,https://post.naver.com/viewer/postView.nhn?memberNo=23264882&volumeNo=35026042,https://search.pstatic.net/common?src=http%3A%2F%2Fpost.phinf.naver.net%2FMjAyMjEyMjZfMTY3%2FMDAxNjcyMDMxOTAwMDI3.5vZvMMP3eYLLmSKatRy6lgPCGJsu80RJqPInRLbueXEg.Om969vlwjJngbrCJgtkDLKuabt3-VnQJcjZ6TATOX3Ug.PNG%2FIq9yx4M2hpWdFdbWJijCfyx9V_k0&type=f318_194_domesearch
"ì„¸ê³„ ìµœëŒ€ì˜ ë¹„ìë‚˜ë¬´ êµ°ë½ì§€, ë¹„ìë¦¼",https://blog.naver.com/wowjejusi/222963357573,https://search.pstatic.net/common?src=https%3A%2F%2Fvertical.pstatic.net%2Fvertical%2Fstatic%2Ftravelhome%2FarticleThumbnail%2Frc-upload-1672101001806-10.png&type=f318_194_domesearch
ì œì£¼ì˜ ì‹œë¦° ê²¨ìš¸ì„ ëŠë‚„ ìˆ˜ ìˆëŠ” ì œì£¼ë§ˆë°©ëª©ì§€,https://blog.naver.com/wowjejusi/222961803077,https://search.pstatic.net/common?src=http%3A%2F%2Fblogfiles.naver.net%2FMjAyMjEyMjFfMTg2%2FMDAxNjcxNTg3NzQ1MzA2.ig1OhOwBKAkrYBf6Bp1EE9NHdMu13DtFeeTAob-5QVYg.RjGSsw76d8_fTjNwlqVexbYJfXn885l11oLl6uCid3wg.PNG.wowjejusi%2F01.png%2Fundefined%2F886x886&type=f318_194_domesearch
ìœ ìœ ìì í•œ ì‹œê°„ì„ë³´ë‚¼ ìˆ˜ ìˆëŠ”<ì‹ì‚°ë´‰>,https://post.naver.com/viewer/postView.nhn?memberNo=23264882&volumeNo=34985567,https://search.pstatic.net/common?src=http%3A%2F%2Fpost.phinf.naver.net%2FMjAyMjEyMTlfMjM0%2FMDAxNjcxNDM0MzY1NDcy.YSvl9iGVBZrlvbhaHlTymmX7EFvVqk3v1P8OOg7Mwmog.xrR-C-gSwYb1HLUb4k_4cHylnFzEJrXddW0y3hGlFyYg.PNG%2FI7Vqf2JINe2tPm7sSG3OShCjMLog&type=f318_194_domesearch
ì œì£¼ ìš°ë„ ë‹¹ì¼ì¹˜ê¸° ì¶”ì²œ ìš°ë„ ì—¬í–‰ì½”ìŠ¤ ğŸ’š,https://tv.naver.com/v/31666729,https://search.pstatic.net/common?src=https%3A%2F%2Fphinf.pstatic.net%2Ftvcast%2F20221216_26%2F2j9gU_1671178963014P2vRO_JPEG%2F09e8cf8b-7d19-11ed-8f42-48df37ae3fca_03.jpg&type=f318_194_domesearch
ì˜¤ë¦„ì˜ ë¬˜ë¯¸ë¥¼ ì°¾ì„ ìˆ˜ ìˆëŠ” <ìë°°ë´‰>,https://post.naver.com/viewer/postView.nhn?memberNo=23264882&volumeNo=34969600,https://search.pstatic.net/common?src=http%3A%2F%2Fpost.phinf.naver.net%2FMjAyMjEyMTZfMjAx%2FMDAxNjcxMTY1OTIyNjc2.vR_F3LxYFYjD7cbBkknbyyi3MeueND8_XTPdonOLGsQg.cS7V4iFyHJHJQ7jFFpI_fVwB7e2wyIiopvvQTAAK2jsg.JPEG%2FIj0FXhLbn1PeysdR6Lk3p4vHPKFA&type=f318_194_domesearch
